feature_set,mean_auc,sd_auc
R_only,0.5270556305125839,0.02398947304842011
R_duration_density,0.5894882512243491,0.043864790130061976
timing_no_R,0.6069600589722868,0.05013651840887438
full_timing_plus_R,0.6120089503642399,0.0441710139838499
